competent;talent;relation
Analyser;Analyser l’information;exact
Auto-développement;S’autodévelopper;exact
Coacher;Développer des collaborateur·trices;exact
Collaborer;Souder une/des équipes;exact
Collaborer;Travailler en équipe;exact
Communiquer;Communiquer;exact
Convaincre;Influencer;exact
Créativité;Innover;exact
Décider;Décider;exact
Développe la mission et la vision de l'organisation;Développer une vision;exact
Esprit critique;Analyser l’information;exact
Fiabilité;Faire preuve de fiabilité;exact
Flexibilité;S’adapter;exact
Orientation client;Agir de manière orientée service;exact
Orientation résultats;Atteindre les objectifs;exact
Planifier et organiser;Organiser;exact
Planifier et organiser;Structurer le travail;exact
Résistance au stress;Gérer le stress;exact
Accompagne le soignant et le patient dans l'exercice de leurs rôles respectifs;Soutenir;proche
Accompagne les bénéficiaires dans les soins d'hygiène;Agir de manière orientée service;proche
Accompagne les collaborateurs lors de l'introduction des nouvelles procédures et méthodes de travail;Structurer le travail;proche
Accompagner des groupes de personnes dans le trafic;Soutenir;proche
Accompagner les enfants dans la réalisation des gestes de la vie quotidienne;Soutenir;proche
Accompagner les phases de vol;Soutenir;proche
Accompagner une personne dans les actes de la vie civile;Soutenir;proche
Accueille le client;Agir de manière orientée service;proche
Accueille les clients;Agir de manière orientée service;proche
Accueillir les clients;Agir de manière orientée service;proche
Acquiert une compréhension du contexte politique, de la réglementation et des rapports de force;Comprendre l’organisation;proche
Actualise les procédures et les méthodes de travail chaque fois que cela est nécessaire (amélioration du service, modification de la réglementation, etc.);Structurer le travail;proche
Adapte l'activité infirmière à la vision stratégique de l'organisation;Comprendre l’organisation;proche
Adapte l'activité infirmière à la vision stratégique de l'organisation;Développer une vision;proche
Adapte l'assortiment aux changements (tendances, circonstances imprévues, …);S’adapter;proche
Adapte l'information et la documentation au public cible;Assimiler l’information;proche
Adapte la conception de l'installation aux événements imprévus;S’adapter;proche
Adapte la méthode d'exécution aux circonstances;S’adapter;proche
Adapte le parcours aux circonstances;S’adapter;proche
Adapte le planning aux changements de circonstances selon les priorités convenues;S’adapter;proche
Adapte le planning aux changements de circonstances, en tenant compte des priorités convenues;S’adapter;proche
Adapte le planning en cas de changements de situation;S’adapter;proche
Adapte les actions en fonction des evolutions et circonstances;S’adapter;proche
Adapte les procédures et les méthodes de travail si nécessaire;Structurer le travail;proche
Adapte si nécessaire la situation de la classe ou ses propres actions;S’adapter;proche
Adopte et intègre la mission, la vision et les valeurs de l'organisation;Développer une vision;proche
Adopte et intègre la mission, la vision et les valeurs de l'organisation;S’impliquer dans l’organisation;proche
Agit en conformité avec les règles de la sécurité alimentaire;Faire preuve de fiabilité;proche
Aide à résoudre des problèmes ou des questions pratiques;Résoudre des problèmes;proche
Ajuste les paramètres contrôlés par ordinateur en fonction de l'analyse;Analyser l’information;proche
Aligne les documents sur la politique de marque de l'organisation (brochures, powerpoints, matériel promotionnel, etc.);Comprendre l’organisation;proche
Analyse dans quelle mesure les substituts et produits ou services complémentaires sont disponibles (marques des distributeurs, …);Analyser l’information;proche
Analyse de nouvelles méthodes, standards et outils internationaux pour la conservation préventive;Structurer le travail;proche
Analyse des dangers - Points critiques de contrôle pour leur maîtrise;Analyser l’information;proche
Analyse des données mesurables (chiffres de vente, parts de marché, respect des délais, etc.);Analyser l’information;proche
Analyse des rapports (documents de vérification, documents de dommages, documents de conformité, etc.);Analyser l’information;proche
Analyse et compare les données avec les réglementations et les normes;Analyser l’information;proche
Analyse et contrôle les risques fiscaux;Analyser l’information;proche
Analyse et interprète les données de contrôle;Analyser l’information;proche
Analyse et évalue les fonctions au sein d'une organisation;Analyser l’information;proche
Analyse l'adéquation entre les processus et l'organisation concrète du travail;Comprendre l’organisation;proche
Analyse la mission et la vision de l'organisation;Développer une vision;proche
Analyse les besoins de l'organisation;S’impliquer dans l’organisation;proche
Analyse les besoins du groupe cible et les objectifs éducatifs de l'organisation;S’impliquer dans l’organisation;proche
Analyse les critères d'évaluation;Analyser l’information;proche
Analyse les données;Analyser l’information;proche
Analyse les données des tests et d'ingénierie, les résultats scientifiques et de recherche;Assimiler l’information;proche
Analyse les données et informations (rapports, statistiques, …);Analyser l’information;proche
Analyse les données et les informations (législation, normes, etc.);Analyser l’information;proche
Analyse les données et les informations (résultats de mesure, législation, normes, …);Analyser l’information;proche
Analyse les données et les résultats des mesures;Analyser l’information;proche
Analyse les données et les traite dans un rapport d'évaluation;Analyser l’information;proche
Analyse les rapports sur les résultats des évaluations;Analyser l’information;proche
Analyse les résultats et les données et évalue l'adéquation du site de culture;Analyser l’information;proche
Analyse les résultats financiers (bilan, compte de résultats, etc.) sur base des indicateurs de gestion et prend éventuellement des mesures d'ajustement;Analyser l’information;proche
Analyse les résultats financiers (données du bilan, comptes de résultats, etc.) et prend les mesures pour des éventuels ajustements;Analyser l’information;proche
Analyse les systèmes d'information de l'organisation;Analyser l’information;proche
Analyse les tests et les mesures en rapport avec la réglementation et les normes;Analyser l’information;proche
Analyse quelles tâches peuvent être automatisées en utilisant des scripts (contrôle des formulaires de contact complétés, utilisation de cookies, …);Analyser l’information;proche
Analyse toutes les informations disponibles;Analyser l’information;proche
Analyse, commente et évalue des concepts et fait des propositions pour les adapter;Analyser l’information;proche
Analyse, interprète et évalue la commande;Analyser l’information;proche
Analyser;Assimiler l’information;proche
Analyser;Intégrer l’information;proche
Analyser;Résoudre des problèmes;proche
Analyser des essais et des mesures;Analyser l’information;proche
Analyser la politique environnementale;Comprendre l’organisation;proche
Analyser la structure d'une base de données;Analyser l’information;proche
Analyser les données d'activité;Analyser l’information;proche
Analyser les données d'une étude;Analyser l’information;proche
Analyser les données géographiques;Analyser l’information;proche
Analyser les performances d'un système d'information;Analyser l’information;proche
Applique des procédures relatives à la sécurité et à la santé, l'environnement et la législation;Comprendre l’organisation;proche
Applique le contrôle statistique des processus et la mesure du rendement;Analyser l’information;proche
Applique les concepts de raisonnement clinique;Conceptualiser;proche
Applique les procédures et les consignes de l'organisation;S’impliquer dans l’organisation;proche
Apporte son soutien pour atteindre des résultats communs;Atteindre les objectifs;proche
Architecture du contenu de l'information;Assimiler l’information;proche
Assiste à l'exécution des contrôles, des migrations et des mesures de sécurité lors de l'intégration des fichiers numériques;Analyser l’information;proche
Assister et aider dans les situations d'urgence;Soutenir;proche
Assure la sécurité des collaborateurs;Diriger des collaborateur·trices;proche
Assure le suivi des changements de la législation sociale et des adaptations apportées aux CCT;S’adapter;proche
Assurer les relations avec les partenaires, fournisseurs et prestataires;Établir des relations;proche
Automatise les tâches répétitives au moyen  de scripts;Exécuter des tâches;proche
Bienveillance;Faire preuve de respect;proche
Calibre les instruments de mesure et de contrôle;Analyser l’information;proche
Charge le camion conformément au plan de chargement et aux principes de chargement et d'ancrage de la charge en toute sécurité;Faire preuve de fiabilité;proche
Cherche des solutions aux problèmes;Résoudre des problèmes;proche
Cherche des solutions aux problèmes techniques;Résoudre des problèmes;proche
Cherche ensemble des solutions aux problèmes;Résoudre des problèmes;proche
Cherche à déterminer l'impact de la nouvelle législation sur la politique de l'entreprise ainsi que sur les procédures, processus et systèmes existants;Comprendre l’organisation;proche
Choisit l'équipement à installer et l'adapte dans la perspective du trajet à parcourir, des mouvements à effectuer, de la position sur le terrain et de la fonction (lever, creuser, déblayer, etc.);Exécuter des tâches;proche
Choisit la solution la plus appropriée au problème selon les accords avec le client;Résoudre des problèmes;proche
Classe, interprète et enregistre les données;Assimiler l’information;proche
Coacher;Motiver des collaborateur·trices;proche
Coacher;Soutenir;proche
Collaborer;Construire des réseaux;proche
Collaborer;Établir des relations;proche
Collaborer via les technologies numériques;Travailler en équipe;proche
Collecte des documents pour compléter le dossier de production;Assimiler l’information;proche
Collecte des données de transaction;Assimiler l’information;proche
Collecte des données et des informations de fond;Assimiler l’information;proche
Collecte des données et vérifie la pertinence et la fiabilité de l'information;Assimiler l’information;proche
Collecte des données par le biais de différentes méthodes (analyse statistique, techniques d'entretien, utilisation de modèles d'audit, etc.);Analyser l’information;proche
Collecte des données par le biais de différentes méthodes (analyse statistique, techniques d'entretien, utilisation de modèles d'audit, etc.);Assimiler l’information;proche
Collecte des données pour les rapports ou les états de forage;Assimiler l’information;proche
Collecte des données SIG existantes à partir de diverses sources (bases de données publiques, GPS, images satellite, photos aériennes, cartes analogiques, etc.);Assimiler l’information;proche
Collecte des informations et du matériel pour l'opération de recherche;Assimiler l’information;proche
Collecte des informations numériques et statistiques;Assimiler l’information;proche
Collecte et analyse des données;Assimiler l’information;proche
Collecte et analyse des données financières et techniques;Assimiler l’information;proche
Collecte et délivre les documents de voyage (billets d'avion, bons d'hôtel, contrats de location de voiture, billets, etc.);Assimiler l’information;proche
Collecte et gère des bases de données pour des systèmes SIG et terrestres;Assimiler l’information;proche
Collecte et gère les données;Assimiler l’information;proche
Collecte et gère les éléments d'une base de données clients;Assimiler l’information;proche
Collecte et importe des enregistrements sonores et des morceaux en fonction des thèmes abordés (dialogues, musique, effets sonores, voix off, etc.);Assimiler l’information;proche
Collecte et sauvegarde des enregistrements et des fragments sonores;Assimiler l’information;proche
Collecte et traite les données relatives aux essais cliniques;Assimiler l’information;proche
Collecte et traite les informations et les documents conformément aux directives (identifier, encoder, enregistrer, etc.);Assimiler l’information;proche
Collecte et utilise des données (concernant les prêts, la constitution des collection, l'utilisation des sources d'information, l'étude des besoins des utilisateurs, etc.) qui sont importantes pour la détermination et la mise en œuvre de la stratégie;Assimiler l’information;proche
Collecte les documents nécessaires à l'examen de la plainte;Assimiler l’information;proche
Collecte les données nécessaires à la conduite de l'enquête;Assimiler l’information;proche
Collecte les données opérationnelles;Assimiler l’information;proche
Collecte toutes les données nécessaires;Assimiler l’information;proche
Collecte, analyse et interprète les données des autres professionnels de la santé;Assimiler l’information;proche
Collecte, enregistre et analyse les données et les résultats;Assimiler l’information;proche
Collecte, enregistre et analyse les données et les résultats (interaction avec les clients et les fournisseurs, gestion de stock, etc.);Assimiler l’information;proche
Collecte, enregistre et interprète les données et les résultats;Assimiler l’information;proche
Collecte, sélectionne et organise les documents par rubriques et catégories;Assimiler l’information;proche
Collecte, vérifie, détecte et classe les données selon les directives  (attestations, enregistrement du temps, changements de personnel, déplacement de service, frais, congé, maladie, …);Assimiler l’information;proche
Collecter des données clients;Assimiler l’information;proche
Collecter des données géographiques;Assimiler l’information;proche
Collecter des données techniques de vol;Assimiler l’information;proche
Collecter des données techniques sur l'espace aérien;Assimiler l’information;proche
Collecter et structurer des données météorologiques;Assimiler l’information;proche
Collecter la documentation touristique;Assimiler l’information;proche
Collecter les données d'une étude;Assimiler l’information;proche
Collecter les données techniques d'un produit;Assimiler l’information;proche
Communique au responsable les problèmes qu'il ne peut pas résoudre de manière autonome;Résoudre des problèmes;proche
Communique de manière transparente sur la gestion financière avec les clients et les parties externes;Agir de manière orientée service;proche
Communiquer;Conseiller;proche
Communiquer;Partager son savoir-faire;proche
Communiquer par radio;Communiquer;proche
Compare et évalue les formules de placement;Analyser l’information;proche
Compare l'analyse d'un poste, les compétences et les intérêts du candidat;Analyser l’information;proche
Compare la politique d'environnement avec les indicateurs et d'autres critères;Comprendre l’organisation;proche
Compare les données de l'analyse avec les valeurs indicatives au sein de l'établissement financier;Analyser l’information;proche
Compare les données de l'analyse de risque avec les valeurs indicatives au sein de l'établissement financier;Analyser l’information;proche
Compare les données de l'analyse des risques avec le profil d'investisseur et les valeurs indicatives de l'entreprise;Analyser l’information;proche
Compare les indicateurs de performance avec les résultats atteints;Atteindre les objectifs;proche
Compare les mesures et les analyses avec des valeurs indicatives;Analyser l’information;proche
Compare les résultats de mesure avec les valeurs indicatives;Analyser l’information;proche
Compare les résultats de mesure avec les valeurs indicatives ou avec un programme statistique;Analyser l’information;proche
Compare les solutions possibles au problème;Résoudre des problèmes;proche
Compare les valeurs des mesures et des tests avec les valeurs des indicateurs;Analyser l’information;proche
Compare les valeurs mesurées avec les valeurs indicatives et fait des adaptations si nécessaire;Analyser l’information;proche
Compare sa propre mesure de localisation avec la positionnement électronique;Analyser l’information;proche
Compose des équipes selon les compétences des collaborateurs;Diriger des équipes;proche
Concepts artistiques;Conceptualiser;proche
Concevoir des solutions techniques;Conceptualiser;proche
Concevoir l'architecture d'un système d'information;Conceptualiser;proche
Concevoir l'architecture ou ingénierie de réseaux;Conceptualiser;proche
Concevoir la mise en page des conceptions graphiques;Conceptualiser;proche
Concevoir le schéma d'organisation d'une activité logistique;Organiser;proche
Connecte des appareils de test et de diagnostic étalonnés et lit les valeurs de mesures ou les défauts (test d'émission, test de compression, test de freinage, test d'huile, test d'étanchéité, analyseur acoustique, …);Analyser l’information;proche
Connecte des appareils de test et de diagnostic étalonnés et lit les valeurs de mesures ou les défauts en mémoire;Analyser l’information;proche
Connecte des appareils de test et de diagnostique étalonnés et lit les valeurs de mesures ou les défauts en mémoire (test d'émission, test de compression, test de freinage, test d'huile, test d'étanchéité, analyseur acoustique, …);Analyser l’information;proche
Connecte le matériel à l'installation (ordinateurs, instruments de mesure et de contrôle, …);Analyser l’information;proche
Connecter des équipements de test et de diagnostic calibrés et lire les valeurs mesurées (test d'émissions, test de freinage, analyseur de bruit, etc.);Analyser l’information;proche
Conseille et soutient les employés dans l'exercice de leur tâche;Soutenir;proche
Conseille l'organisation sur les moyens d'améliorer les processus financiers, de renforcer les contrôles internes et de gérer les risques;Comprendre l’organisation;proche
Conseille les concepteurs sur la manière d'intégrer les principes généraux de prévention de la loi sur le bien être dans les choix architecturaux, techniques ou organisationnels, dans la planification des travaux et des phases de travail et dans l'estimation de la durée d'exécution;Organiser;proche
Conseille les développeurs ou les administrateurs de sites web sur la structure, la navigation et le contenu du site en vue de l'optimisation des moteurs de recherche;Assimiler l’information;proche
Conseille ses clients sur la conformité des offres avec le plan de sécurité et de santé;Faire preuve de fiabilité;proche
Conseille ses clients sur la conformité des offres avec le Plan Particulier de Sécurité et de Protection de la Santé;Faire preuve de fiabilité;proche
Conseille sur des nouveaux concepts;Conceptualiser;proche
Conseille sur les stratégies et politiques de rémunération;Comprendre l’organisation;proche
Conseiller des clients en matière de gestion comptable;Conseiller;proche
Conseiller des interlocuteurs en gestion des risques;Conseiller;proche
Conseiller sur une demande de crédit;Conseiller;proche
Conseiller un client sur son style et sur la mise en valeur de son image;Conseiller;proche
Conserve des données sur l'exécution des tâches;Exécuter des tâches;proche
Consigne l'évolution de la production (données de production, pannes, incidents, etc.);Résoudre des problèmes;proche
Construit et maintient des contacts avec des professionnels internes ou externes à l'organisation;Établir des relations;proche
Construit une relation de confiance;Conseiller;proche
Construit une relation de confiance avec la personne;Conseiller;proche
Construit une relation de confiance avec le couple ou la famille;Conseiller;proche
Construit une relation de confiance avec le patient et son entourage;Conseiller;proche
Construit une relation de confiance avec les parents;Conseiller;proche
Construit une relation de confiance avec tous les enfants;Conseiller;proche
Consulte des collaborateurs et des experts;Diriger des collaborateur·trices;proche
Consulte des informations internes pour planifier ou organiser l'utilisation de l'équipement, des appareils, des locaux ou des laboratoires;Organiser;proche
Consulte l'information interne et externe afin de planifier et organiser la tâche;Organiser;proche
Consulte les règlements et les directives (sur la discipline), les applique et conseille le commandement;Conseiller;proche
Consulter le client potentiel sur le contenu exact de la mission de conseil;Conseiller;proche
Contrôle des bruits spécifiques et vérifie la rouille, la décoloration, l'usure, les fuites, …;Analyser l’information;proche
Contrôle et teste l'installation visuellement ou à l'aide des instruments de mesure spécifiques aux systémes selon un plan d'essais prescrit;Analyser l’information;proche
Contrôle et évalue l'ordre de production;Analyser l’information;proche
Contrôle l'application des mesures de sécurité visant à maîtriser les risques en cas de conditions météorologiques changeantes;Analyser l’information;proche
Contrôle l'application des mesures visant à prévenir les chutes d'objets et de personnes;Analyser l’information;proche
Contrôle l'état des pièces et évalue leur réutilisation;Analyser l’information;proche
Contrôle la conformité avec les spécificités du concept et la réglementation en matière de sécurité et de santé;Faire preuve de fiabilité;proche
Contrôle la planéité du béton délivré et vérifie le bon positionnement des joints;Analyser l’information;proche
Contrôle la précision du dragage à l'aide des mesures intermédiaires;Analyser l’information;proche
Contrôle la qualité, la perpendicularité et le mesurage;Analyser l’information;proche
Contrôle la température et la fraîcheur de la marchandise en utilisant un appareil de mesure;Analyser l’information;proche
Contrôle le contenu et le langage utilisé dans les documents;Assimiler l’information;proche
Contrôle le fonctionnement conformément aux normes de qualité et aux paramètres établis;Faire preuve de fiabilité;proche
Contrôle les appareils de mesure et d'analyse conformément aux normes et procédures établies;Analyser l’information;proche
Contrôle les appareils de mesure et de contrôle conformément aux normes et procédures établies;Analyser l’information;proche
Contrôle les budgets;Gérer l’organisation;proche
Contrôle les documents commerciaux et les vérifie (demande de prix, offre, bon de commande, confirmation de commande, bon de livraison, facture, note de crédit);Analyser l’information;proche
Contrôle les déformations du châssis avec un marbre, des moules ou des points de mesure laser et des instruments de mesure;Analyser l’information;proche
Contrôle les tuyaux et les anneaux d'étanchéité pour détecter les dommages et vérifier la propreté;Analyser l’information;proche
Contrôle ses émotions en toutes circonstances;Gérer le stress;proche
Contrôle si les composants, les connecteurs et les connexions répondent aux exigences de qualité et de sécurité;Faire preuve de fiabilité;proche
Contrôle si les machines et l'équipement fonctionnent en toute sécurité et en conformité avec les paramètres de production;Faire preuve de fiabilité;proche
Contrôle si les travaux satisfont aux exigences de sécurité et aux normes de qualité en vigueur;Faire preuve de fiabilité;proche
Contrôler des documents douaniers et vérifier les marchandises;Analyser l’information;proche
Contrôler l'application des mesures de prévention (QHSE);Analyser l’information;proche
Contrôler la conformité de l'application des procédures de la qualité;Faire preuve de fiabilité;proche
Contrôler la conformité des outils de mesure et de contrôle;Analyser l’information;proche
Contrôler les appareils de mesure et d'analyse;Analyser l’information;proche
Convaincre;Faire preuve d’assertivité;proche
Conçoit des concepts et des idées pour des solutions de processus;Conceptualiser;proche
Coopère lors des audits ou des contrôles des procédures;Analyser l’information;proche
Coordonne les aspects logistiques tels que les inscriptions et la planification;Organiser;proche
Coordonner des partenariats de recherche et de développement;Construire des réseaux;proche
Coordonner la logistique d'un évènement;Organiser;proche
Coordonner la logistique d'évènements promotionnels;Organiser;proche
Coordonner les activités d'une organisation;Organiser;proche
Crée des partenariats autour de la mise en œuvre;Construire des réseaux;proche
Crée des situations win-win dans les négociations;Influencer;proche
Crée et entretient des contacts avec le groupe cible et les personnes concernées;Établir des relations;proche
Crée un aperçu des flux des marchandises et des processus de travail dans l'organisation (achat de matières premières, production, transport vers les clients, …);Comprendre l’organisation;proche
Demande des tests et des mesures pour vérifier la mise en œuvre correcte;Analyser l’information;proche
Diligence;Exécuter des tâches;proche
Discute avec les cadres supérieurs, propriétaires, entrepreneurs ou concepteurs des procédures de travail, des méthodes de construction, …;Structurer le travail;proche
Discute avec les collaborateurs internes des nouvelles procédures ou méthodes de travail;Structurer le travail;proche
Discute avec les parties concernées des nouvelles procédures et méthodes de travail;Structurer le travail;proche
Discute des procédures et des méthodes de travail avec les collaborateurs;Structurer le travail;proche
Discute des résultats avec des collègues ou des responsables;Atteindre les objectifs;proche
Diversité;Faire preuve de respect;proche
Documente et vérifie les données d'échantillonnage (lieu, heure, date, circonstances de l'échantillonnage, équipement, etc.);Assimiler l’information;proche
Documente les actions au moyen de principes de politique et de législation;Comprendre l’organisation;proche
Documente les données d'installation, de configuration et de test avec chaque modification selon les standards et règlements en vigueur;Assimiler l’information;proche
Documenter le traitement des données à caractère personnel;Assimiler l’information;proche
Donne des conseils;Conseiller;proche
Donne des conseils au client;Conseiller;proche
Donne des conseils aux clients sur les réparations;Conseiller;proche
Donne des conseils aux collaborateurs;Développer des collaborateur·trices;proche
Donne des conseils aux personnes présentes;Conseiller;proche
Donne des explications concernant des documents (officiels) et des instances (contenu, fonctionnement, demandes, etc.);Assimiler l’information;proche
Donne des informations sur l'hygiène bucco-dentaire au patient (instructions de brossage, utilisation de fil dentaire, brossette interdentaire, cure-dents, dentifrice, gratte-langue, etc.);Comprendre l’information;proche
Donne des instructions aux collaborateurs et/ou aux participants;Diriger des collaborateur·trices;proche
Donne des instructions sur la façon de rechercher et d'utiliser des bases de données de sorte que le client puisse rechercher de manière indépendante;Assimiler l’information;proche
Donne des tâches pratiques à réaliser;Exécuter des tâches;proche
Donne une formation initiale, des instructions et des informations sur l'utilisation et l'entretien;Comprendre l’information;proche
Donner des conseils de sécurité;Conseiller;proche
Donner des conseils podologiques;Conseiller;proche
Droit de l'environnement;Comprendre l’organisation;proche
Droit de l'information;Comprendre l’information;proche
Droit de la responsabilité;Atteindre les objectifs;proche
Décide des méthodes d'exécution conformément aux exigences de qualité, de sécurité et de rentabilité;Faire preuve de fiabilité;proche
Décrit les mesures de protection suite à l'analyse de l'effet sur l'arbre (placement des clôtures, billons, taille des racines, élagage, taille, protection du tronc, etc.);Analyser l’information;proche
Décrit les objectifs pour la stratégie logistique;Organiser;proche
Décrit les résultats des différents cas de test et scripts de test (problèmes de performance, stabilité…);Atteindre les objectifs;proche
Décrit les étapes et les conditions de mise en œuvre du plan de communication (contenu, mise en forme, média, …);Communiquer;proche
Défend à l'étranger les intérêts politiques, économiques, juridiques, culturels, environnementaux, sécuritaires et humanitaires du pays d’origine;Comprendre l’organisation;proche
Définir la politique environnementale d'une collectivité locale;Comprendre l’organisation;proche
Définir les orientations stratégiques de l'organisation;Développer une vision;proche
Définir les processus de collecte de données;Assimiler l’information;proche
Définir une stratégie de développement de produits;Développer une vision;proche
Définit des objectifs mesurables (chiffres de vente, parts de marché, délais, etc.) pour chaque partie de la stratégie de marketing;Atteindre les objectifs;proche
Définit le contexte pour utiliser ou appliquer les résultats de recherche;Exécuter des tâches;proche
Définit les objectifs, les livrables et les indicateurs de performance;Atteindre les objectifs;proche
Définit les problèmes et/ou diagnostics en matière de soins infirmiers, les objectifs, les résultats attendus et les interventions infirmières;Atteindre les objectifs;proche
Définit les techniques de mesure, d'enregistrement et de traitement des données;Assimiler l’information;proche
Définit un plan d'action avec des objectifs, les ressources requises, le calendrier, la répartition des tâches, …;Organiser;proche
Définit un planning et l'adapte en fonction des circonstances;S’adapter;proche
Définit une stratégie à long terme;Développer une vision;proche
Détermine l'impact de la politique de formation ou du personnel sur l'organisation;Comprendre l’organisation;proche
Détermine l'impact de la politique de formation ou du personnel sur l'organisation;S’impliquer dans l’organisation;proche
Détermine la méthode de travail pour la mise en place de la structure (séquence de travail, etc.);Structurer le travail;proche
Détermine le déploiement du personnel et des ressources pour résoudre les problèmes;Résoudre des problèmes;proche
Détermine les ajustements nécessaires à la méthode et aux procédures de production;Structurer le travail;proche
Détermine les objectifs de communication (informer, persuader, dialoguer ou former) et les messages centraux de la communication;Communiquer;proche
Détermine les objectifs stratégiques en fonction de la vision de l'organisation;Comprendre l’organisation;proche
Détermine les objectifs stratégiques en fonction de la vision de l'organisation;Développer une vision;proche
Détermine les objectifs stratégiques en fonction de la vision de l'organisation;S’impliquer dans l’organisation;proche
Détermine les paramètres des processus opérationnels pour lesquels des données doivent être collectées;Assimiler l’information;proche
Détermine les priorités dans la gestion de l'organisation;Comprendre l’organisation;proche
Détermine les priorités dans la gestion de l'organisation;S’impliquer dans l’organisation;proche
Détermine les priorités stratégiques par catégorie (prix, fiabilité de livraison, qualité, durabilité, …);Faire preuve de fiabilité;proche
Détermine les procédures et méthodes de travail;Structurer le travail;proche
Détermine ou adapte les procédures et les méthodes de travail (amélioration du service, changement de la réglementation, etc.);Structurer le travail;proche
Détermine ou adapte les procédures et les méthodes de travail (amélioration du service, changement de la réglementation, etc.);S’adapter;proche
Développe l'architecture du système d'information pour les différentes phases des activités de l'entreprise (concept, design, implémentation, vente, …);Conceptualiser;proche
Développe l'ensemble des procédures qui permettent d'évaluer les recherches en laboratoire (contrôle de qualité interne);Analyser l’information;proche
Développe un système (numérique) de gestion de l'information et de contrôle des processus.;Analyser l’information;proche
Développe une structure organisationnelle avec des responsabilités et des pouvoirs;S’impliquer dans l’organisation;proche
Développe une vision pédagogique;Développer une vision;proche
Développe une vision sur le bénévolat;Développer une vision;proche
Développer des processus, des instruments et des réglementations politiques;Comprendre l’organisation;proche
Développer un plan de son;Développer une vision;proche
Développer un réseau de partenaires;Construire des réseaux;proche
Développer une collection ou une offre d'information;Développer une vision;proche
Développer une stratégie de médias numériques;Développer une vision;proche
Effectue des appels téléphoniques exploratoires pour évaluer la satisfaction du client;Agir de manière orientée service;proche
Effectue des contrôles de fonction et des doubles vérifications;Analyser l’information;proche
Effectue des contrôles et des mesures (mesurage, état de surface, dommages, …);Analyser l’information;proche
Effectue des mesures dans des zones explosives conformément aux procédures de sécurité;Faire preuve de fiabilité;proche
Effectue des mesures et contrôle des paramètres pertinents (niveau, pression, température, etc.) sur base d'une liste de contrôle;Analyser l’information;proche
Effectue des mesures et des contrôles;Analyser l’information;proche
Effectue des mesures et des contrôles et règle les paramètres et les composants de la machine selon l'analyse;Analyser l’information;proche
Effectue des mesures et des contrôles intermédiaires;Analyser l’information;proche
Effectue des mesures et des contrôles intermédiaires ou prélève des échantillons;Analyser l’information;proche
Effectue des mesures et des contrôles visuels (mesures, etc.);Analyser l’information;proche
Effectue des mesures et des contrôles visuels (mesures, état de surface, erreurs de soudage, …);Analyser l’information;proche
Effectue des mesures et/ou des contrôles visuels;Analyser l’information;proche
Effectue des mesures et/ou des contrôles visuels (mesures, surface);Analyser l’information;proche
Effectue des mesures quantitatives et qualitatives de l'audition;Analyser l’information;proche
Effectue des mesures sur l'installation afin d'en contrôler les performances;Analyser l’information;proche
Effectue des tests de dépistage sur le nouveau-né (mesure de la saturation, mesure de la bilirubine, test d'audition, test de vision, etc.);Analyser l’information;proche
Effectue l'entretien et des petites réparations sur la cheminée (appliquer du mastic, effectuer de la petite maçonnerie, …);Exécuter des tâches;proche
Effectue un audit de la sécurité alimentaire  interne, analyse et remédie;Analyser l’information;proche
Effectue un contrôle de qualité lors des opérations de numérisation, conformément aux procédures et directives en vigueur;Faire preuve de fiabilité;proche
Effectue un contrôle des médicaments en vérifiant les caractéristiques du patient;Analyser l’information;proche
Effectue une enquête de satisfaction de la clientèle;Agir de manière orientée service;proche
Effectue une présélection par téléphone au moyen d'une procédure standard;Structurer le travail;proche
Effectue une recherche de la nature et de la cause des problèmes et symptômes (inspection, palpation, fonction-recherche,mesure, techniques d'impression, analyse de posture et du mouvement);Analyser l’information;proche
Effectuer des tâches administratives;Exécuter des tâches;proche
Elabore des procédures et des directives pour l'exécution des tâches d'archivage et de gestion de l'information;Exécuter des tâches;proche
Elabore le contenu des concepts sélectionnés;Conceptualiser;proche
Elabore les conclusions avec les arguments et les preuves issus des données de recherche;Assimiler l’information;proche
Elabore un schéma d'entraînement conformément aux objectifs et aux données du cheval à dresser (âge, descendance, ration alimentaire, anomalies en termes de comportement et de santé, consommation de médicaments, soins médicaux, performances, régime de travail, etc.);Atteindre les objectifs;proche
Elaborer des solutions techniques et financières;Conceptualiser;proche
Elaborer un concept de radio, de télévision ou de spectacle;Conceptualiser;proche
Elargit et approfondit les connaissances et les compétences de base des contenus d'enseignement en tenant compte des objectifs de développement et des résultats de l'apprentissage;Atteindre les objectifs;proche
Enregistre des documents prêtés;Assimiler l’information;proche
Enregistre des données;Assimiler l’information;proche
Enregistre et analyse les données de traitement des soignants à des fins d'assurance qualité et de recherche;Assimiler l’information;proche
Enregistre et classe les documents administratifs et comptables;Assimiler l’information;proche
Enregistre et documente à la fois le processus et les résultats;Assimiler l’information;proche
Enregistre et stocke les données recueillies;Assimiler l’information;proche
Enregistre la destruction des documents d'archives après avoir obtenu les autorisations nécessaires et l'exécute;Assimiler l’information;proche
Enregistre la fin de l'avant projet du bâtiment et transfère les documents de coordination par écrit et/ou dans un journal de coordination;Assimiler l’information;proche
Enregistre les documents conformément aux accords;Assimiler l’information;proche
Enregistre les données;Assimiler l’information;proche
Enregistre les données dans le dossier du patient;Assimiler l’information;proche
Enregistre les données dans le logiciel de certification;Assimiler l’information;proche
Enregistre les données de consommation des matières premières et des produits;Assimiler l’information;proche
Enregistre les données de contrôle;Assimiler l’information;proche
Enregistre les données de la pêche dans un journal de bord (électronique) ou avec un système d'enregistrement et de déclaration automatique (espèces de poissons, taille, catégorie, destination, nombre de boîtes de poisson par sorte, …);Assimiler l’information;proche
Enregistre les données de sorte qu'elles ne puissent plus être modifiées à moins que les changements ne soient identifiés;Assimiler l’information;proche
Enregistre les données de traitement;Assimiler l’information;proche
Enregistre les données des animaux sur le bien-être, la santé, la consommation alimentaire, le comportement, la recherche, les expériences, etc.;Assimiler l’information;proche
Enregistre les données quotidiennement, de manière lisible, exacte et complète;Assimiler l’information;proche
Enregistre les données sur la composition du train et les transmet au service responsable;Assimiler l’information;proche
Enregistre les données sur les ventes, les retours, les remises, etc.;Assimiler l’information;proche
Enregistre les données électroniques;Assimiler l’information;proche
Enregistre les informations obtenues dans des formulaires standardisés (numériques), dans un fichier de données, …;Assimiler l’information;proche
Enregistre les éléments formels et de contenu (métadonnées) dans les systèmes prévus à cet effet pour améliorer la recherche dans les archives;Assimiler l’information;proche
Enregistrement des données;Assimiler l’information;proche
Enregistrer des données;Assimiler l’information;proche
Enregistrer les données biomédicales des animaux;Assimiler l’information;proche
Enregistrer les données d'une commande;Assimiler l’information;proche
Enregistrer les réservations et mettre à jour les données d’occupation;Assimiler l’information;proche
Enregistrer une réclamation client;Agir de manière orientée service;proche
Entretenir les relations publiques;Établir des relations;proche
Entretenir un équipement de contrôle ou de mesure;Analyser l’information;proche
Entretien des relations de collaboration;Établir des relations;proche
Entretient des contacts avec les autorités locales;Établir des relations;proche
Entretient des contacts avec les entrepreneurs;Établir des relations;proche
Entretient des relations avec l'Organisation mondiale de la Santé, l'AFSCA, …;Établir des relations;proche
Entretient la tronçonneuse, contrôle son état général, vérifie l'affûtage et contrôle les équipements de sécurité;Analyser l’information;proche
Envoie des données collectées à la partie responsable;Assimiler l’information;proche
Etablir des résultats d'analyses et de mesures;Analyser l’information;proche
Etablit des contacts avec des personnes externes qui proposent des initiatives éducatives;Établir des relations;proche
Etablit des contacts avec les institutions et les experts, les partenaires pertinents qui contribuent à l'expertise;Établir des relations;proche
Etablit des directives et des règles de gestion pour la gestion de l'information;Comprendre l’information;proche
Etablit des procédures et des directives en matière de qualité, de santé, de sécurité et d'environnement;Faire preuve de fiabilité;proche
Etablit et entretient des contacts avec des partenaires potentiels;Établir des relations;proche
Etablit et entretient un réseau de relations externes;Établir des relations;proche
Etablit un plan de développement avec le collaborateur;Développer des collaborateur·trices;proche
Etablit, sur la base des objectifs du service,  des règles et des indicateurs de prestation pour suivre les activités (indicateurs de satisfaction du client, indicateurs opérationnels, etc.);Agir de manière orientée service;proche
Etudie la politique et la stratégie de croissance;Comprendre l’organisation;proche
Evalue et tire des conclusions sur les prestations de l' organisation afin d'ajuster la stratégie;Comprendre l’organisation;proche
Evalue l'efficacité des processus existants au niveau des objectifs de l'organisation;Comprendre l’organisation;proche
Evalue la circulation de l'information;Analyser l’information;proche
Evalue la politique actuelle en fonction des objectifs de l'organisation et des changements dans le marché du travail;Comprendre l’organisation;proche
Evalue la politique actuelle en fonction des objectifs de l'organisation et des changements dans le marché du travail;S’impliquer dans l’organisation;proche
Evalue la propreté des animaux et prend des mesures si nécessaire;Analyser l’information;proche
Evalue les actions par rapport aux principes politiques et à la législation;Comprendre l’organisation;proche
Evalue les besoins en formation des collaborateurs;Développer des collaborateur·trices;proche
Evalue les infrastructures, la qualité, la sécurité, la durabilité, l'attractivité, etc. de l'offre;Faire preuve de fiabilité;proche
Evalue les risques de sécurité et prend des mesures;Analyser l’information;proche
Evalue les résultats de l'analyse par rapport aux objectifs de qualité prédéfinis;Atteindre les objectifs;proche
Evalue les résultats de la procédure d'analyse (reproductibilité, plausibilité, résultats précédents, comparaison par rapport à des valeurs de référence, …);Analyser l’information;proche
Evalue, sur base du diagnostic, les diverses possibilités de traitement;Analyser l’information;proche
Evaluer la satisfaction d'une clientèle;Agir de manière orientée service;proche
Evaluer les besoins sanitaires d'une structure;Analyser l’information;proche
Examine l'efficacité des procédures, méthodes de travail, … et l'ajuste si besoin;Structurer le travail;proche
Examine quelles actions sont nécessaires pour atteindre les objectifs;Atteindre les objectifs;proche
Explique la manière dont les données collectées mènent à la conclusion;Assimiler l’information;proche
Explique les procédures et les méthodes de travail établies;Structurer le travail;proche
Explique les procédures et méthodes de travail;Structurer le travail;proche
Explique les règles et les accords (y compris les règles d'hygiène, de sécurité, de l'environnement et de qualité);Faire preuve de fiabilité;proche
Explique les règles et les accords concernant la sécurité, l'hygiène et la qualité;Faire preuve de fiabilité;proche
Explique les règles et les accords de l'organisation;S’impliquer dans l’organisation;proche
Expérimente de nouveaux concepts et de nouvelles procédures;Innover;proche
Exécute des petits travaux d'entretien (appliquer de la peinture ou des produits d'entretien, mastiquer avec du silicone, remplacer ou fixer des composants, etc.);Exécuter des tâches;proche
Exécute des procédures de contrôle et des mesures coercitives;Analyser l’information;proche
Exécute des vérifications, des migrations et des mesures de sécurité lors de l'enregistrement de fichiers numériques;Analyser l’information;proche
Exécute les missions suivant les ordres;Exécuter des tâches;proche
Exécuter des procédures de soutage;Exécuter des tâches;proche
Fait des contrôles pour vérifier si les passagers respectent les consignes de sécurité;Analyser l’information;proche
Fait des démonstrations d'exécution des tâches et les explique;Exécuter des tâches;proche
Fait des propositions d'amélioration sur base de fiches techniques, normes de qualité et règles de sécurité;Faire preuve de fiabilité;proche
Fait des propositions pour adapter la présentation des produits aux tendances, aux circonstances imprévues, …;S’adapter;proche
Fait l'inventaire, structure et analyse les données;Analyser l’information;proche
Fait le suivi de la collecte des paiements et les enregistre;Assimiler l’information;proche
Fait un inventaire des politiques, des réglementations, des procédures, des responsabilités et des propriétés;Comprendre l’organisation;proche
Fait un rapport des irrégularités, des incidents ou des problèmes de production;Résoudre des problèmes;proche
Fait une analyse de compte (vision, stratégie, approvisionnement, … du client);Développer une vision;proche
Favoriser une relation de confiance;Conseiller;proche
Fixe la méthode et les procédures de production;Structurer le travail;proche
Fixe les objectifs de sécurité, de qualité et de quantité;Faire preuve de fiabilité;proche
Fixe les procédures de collecte, d'enregistrement et d'analyse des données et des résultats;Assimiler l’information;proche
Fixe les procédures pour la composition et l'application des colorants sur des matériaux (classes de colorants, méthodes de couleur, machines de couleur, …);Structurer le travail;proche
Formule des conclusions et des recommandations;Intégrer l’information;proche
Formule le contenu de l'enseignement et l'ajuste à la situation de départ des élèves et aux objectifs de développement et aux résultats de l'apprentissage;Atteindre les objectifs;proche
Formule oralement et par écrit de manière claire et accessible des questions, des missions, etc.;Communiquer;proche
Formule une conclusion;Intégrer l’information;proche
Formule une vision basée sur la mission de l'organisation;Développer une vision;proche
Formule une vision basée sur la mission de l'organisation;S’impliquer dans l’organisation;proche
Fournit au designer ou au régisseur des solutions techniques pour réaliser un concept artistique;Conceptualiser;proche
Fournit de l'information;Comprendre l’information;proche
Fournit des conseils et aide à résoudre les problèmes liés à l'allaitement;Résoudre des problèmes;proche
Fournit des conseils et des informations sur les produits et services sur base du profil du client;Conseiller;proche
Fournit des conseils à d'autres techniciens (ingénieur de son, …);Conseiller;proche
Fournit des informations et des instructions aux experts;Comprendre l’information;proche
Fournit des ressources et du temps pour l'introduction de nouvelles méthodes, procédures et règlements dans l'exploitation quotidienne;Structurer le travail;proche
Fournit un retour d'information spécifique et constructif sur le comportement, les performances et les résultats;Atteindre les objectifs;proche
Garde les données et les documents sur les recettes et les dépenses;Assimiler l’information;proche
Garde ses émotions sous contrôle en toutes circonstances;Gérer le stress;proche
Gestion de l'information;Comprendre l’information;proche
Gestion des contacts;Établir des relations;proche
Gestion des Ressources Humaines;Gérer le service;proche
Guide les responsables d'équipe ou les membres de la direction dans la gestion de leur équipe;Souder une/des équipes;proche
Gère de manière professionnelle les émotions, le stress, etc.;Gérer le stress;proche
Gère l'information dans un système de gestion de documents;Assimiler l’information;proche
Gère l'information dans un système de gestion de documents;Comprendre l’information;proche
Gère professionnellement les émotions;Gérer le stress;proche
Gère ses émotions de manière professionnelle;Gérer le stress;proche
Gérer les informations numériques;Assimiler l’information;proche
Identifie les décisions à prendre en matière de conception;Décider;proche
Identifie les opportunités d'optimisation de la production;Piloter l’organisation;proche
Identifie les opportunités et les menaces pour les tâches dans le volontariat;Piloter l’organisation;proche
Identifie les partenaires potentiels;Construire des réseaux;proche
Identifie les problèmes potentiels et cherche des solutions;Résoudre des problèmes;proche
Identifie les tâches pour développer, exécuter et / ou implémenter un système d'information;Exécuter des tâches;proche
Identifier les opportunités et les obstacles personnels;Piloter l’organisation;proche
Implémente un système intégré de la qualité en conformité avec les normes légales reconnues pour le contrôle de qualité en laboratoires cliniques;Faire preuve de fiabilité;proche
Indicateurs Qualité Hygiène Sécurité Environnement (QHSE);Faire preuve de fiabilité;proche
Indépendance;Exécuter des tâches;proche
Informe de manière informelle et formelle sur les services de l'organisation;Comprendre l’organisation;proche
Informe les collaborateurs sur les objectifs de l'organisation;S’impliquer dans l’organisation;proche
Informe les passagers des problèmes (retards, pannes, changements de quai, etc.);Résoudre des problèmes;proche
Informe sur les réglementations légales concernant les niveaux sonores, RGPT, l'environnement, etc.;Comprendre l’organisation;proche
Installe et connecte les capteurs de mesure et de contrôle;Analyser l’information;proche
Installe les équipements pour le travail en hauteur conformément aux règles de sécurité;Faire preuve de fiabilité;proche
Interagir grâce aux technologies numériques;Communiquer;proche
Interprète les données recueillies, les paramètres et les résultats de la recherche;Assimiler l’information;proche
Interprète les résultats (mesurables) de la performance sportive;Atteindre les objectifs;proche
Intègre des conseils des structures consultatives et des groupes de travail;Conseiller;proche
Intègre la stratégie client dans la stratégie globale de l'organisation;Comprendre l’organisation;proche
Intègre la stratégie client dans la stratégie globale de l'organisation;Développer une vision;proche
Intègre la stratégie marketing dans la stratégie globale de l'organisation;Comprendre l’organisation;proche
Intègre la stratégie marketing dans la stratégie globale de l'organisation;Développer une vision;proche
Lorsque les conditions d'usinage optimales sont atteintes, consigne toutes les données dans des documents de travail;Assimiler l’information;proche
Législation pour la protection de l'environnement et des eaux (MARPOL);Comprendre l’organisation;proche
Maintient des contacts avec des organisations compétentes, des institutions, des experts, …;Établir des relations;proche
Maîtrise le stress et la pression;Gérer le stress;proche
Mesure de l'audition;Analyser l’information;proche
Mesure et évalue l'effet du traitement;Analyser l’information;proche
Mesure l'efficacité des ajustements des appareils auditifs;Analyser l’information;proche
Mesure la position des composants mécaniques et les compare aux valeurs spécifiées;Analyser l’information;proche
Mesure le tirage de la cheminée et vérifie l'état de la cheminée (étanchéité à l'air, blocages, …);Analyser l’information;proche
Mesure les valeurs électriques avec un appareil de mesure adéquat et compare les mesures avec les valeurs attendues et dérivées;Analyser l’information;proche
Mesure les valeurs électriques et compare les mesures avec les valeurs attendues et dérivées;Analyser l’information;proche
Met au point des méthodes pour maximiser la qualité des données et l'efficacité statistique lors de la collecte des données;Assimiler l’information;proche
Met le client en contact avec des collaborateurs internes ou des partenaires externes;Établir des relations;proche
Met le client en contact avec des collaborateurs internes ou des partenaires externes, les présente les uns aux autres;Établir des relations;proche
Mettre en oeuvre des améliorations fonctionnelles et techniques;Gérer l’organisation;proche
Mettre en place des actions de gestion de ressources humaines;Gérer le service;proche
Mettre à jour des procédures, des méthodes et des outils de gestion;Structurer le travail;proche
Modélise des modèles en cire ou en matière synthétique selon la conception;Conceptualiser;proche
Modéliser l'architecture d'une application interactive;Conceptualiser;proche
Motive, soutient, dirige et évalue les collaborateurs dans l'exercice de leurs tâches;Soutenir;proche
Méthodes de contrôle et de mesure;Analyser l’information;proche
Note des données de maintenance dans des fiches d'entretien, des cartes de travail, des documents de bord, …;Assimiler l’information;proche
Note la qualité et la quantité des données de recherche (l'heure, le type, la quantité, l'objectivité, etc.);Assimiler l’information;proche
Négocier des partenariats;Construire des réseaux;proche
Opte pour la flexibilité et l'adaptabilité;S’adapter;proche
Optimalise le format des enregistrements (nombre de champs, noms, type données, etc.) tableaux, relations, etc. en fonction des objectifs;Assimiler l’information;proche
Organisation et fonctionnement d'un aéroport;S’impliquer dans l’organisation;proche
Organisation et fonctionnement du réseau ferré;S’impliquer dans l’organisation;proche
Organisation et planification des activités;Organiser;proche
Organise et évalue des mesures de test;Analyser l’information;proche
Organise la gestion logistique dans le dépôt d'archives;Organiser;proche
Organise le servicedesk selon la structure et la culture de l'organisation;S’impliquer dans l’organisation;proche
Organise les activités (planification, emplacement, moyens, …);Organiser;proche
Organiser la logistique des recrutements et des formations;Organiser;proche
Orientation résultats;Faire preuve d’engagement;proche
Orientation résultats;Piloter l’organisation;proche
Orientation résultats;S’impliquer dans l’organisation;proche
Oriente les performances financières et les résultats finaux;Atteindre les objectifs;proche
Orienter;Diriger des collaborateur·trices;proche
Orienter;Diriger des équipes;proche
Orienter;Développer une vision;proche
Orienter;Inspirer;proche
Orienter;Piloter l’organisation;proche
Outils de planification des ressources humaines;Organiser;proche
Partage ses connaissances avec ses collègues;Partager son savoir-faire;proche
Partage ses connaissances et ses expériences avec ses collègues;Partager son savoir-faire;proche
Partage ses connaissances et son expérience;Partager son savoir-faire;proche
Participe à des salons internationaux, des journées de contact avec partenaires commerciaux, …;Établir des relations;proche
Passe en revue des rapports, des notes, etc.  sur les défauts, les incidents et les accidents;Résoudre des problèmes;proche
Permet aux utilisateurs d'accéder aux ressources et données partagées (imprimantes, dossiers de documents, ...) auxquelles ils ont droit;Assimiler l’information;proche
Planifie les étapes techniques et logistiques de la réparation, révision ou construction d'un instrument de musique;Organiser;proche
Planifie, organise et contrôle les inventaires de stocks;Organiser;proche
Planifier des mesures et des analyses;Analyser l’information;proche
Planifier et organiser;Gérer le service;proche
Poser en tant que modèle vivant;Inspirer;proche
Prend contact avec des externes pour l'étalonnage périodique de l'équipement de mesure et de contrôle;Analyser l’information;proche
Prend des dispositions pratiques à propos du planning, de la logistique, de l'organisation, …;Organiser;proche
Prend des décisions;Décider;proche
Prend des décisions au sujet du concept de l'organisation (service, personnel, …);Comprendre l’organisation;proche
Principes de l'accueil du client;Agir de manière orientée service;proche
Procéder à l'évaluation de l'audition;Analyser l’information;proche
Procédures standard d'exécution des contrôles;Structurer le travail;proche
Propose des mesures individuelles et collectives de prévention et de protection selon les résultats de l'évaluation et de l'état de santé;Analyser l’information;proche
Propose des solutions en cas de problèmes;Résoudre des problèmes;proche
Proposer des évolutions d'organisation et de production;Comprendre l’organisation;proche
Proposer des évolutions d'organisation et de production;S’impliquer dans l’organisation;proche
Préalablement à la livraison, vérifie l'installation du client conformément aux procédures prévues (bouchon vert, carte de contrôle, etc.);Analyser l’information;proche
Précise les modalités d'exécution en conformité avec les exigences de qualité et de rentabilité;Faire preuve de fiabilité;proche
prépare un rapport de certification contenant une évaluation de l'exactitude et de la fiabilité des rapports financiers audités;Analyser l’information;proche
prépare un rapport de certification contenant une évaluation de l'exactitude et de la fiabilité des rapports financiers audités;Faire preuve de fiabilité;proche
Prépare une évaluation (collecte des données, choix des instruments de mesure, construction du contexte de l'évaluation, composer une liste d'observation, etc.);Analyser l’information;proche
Prépare une évaluation (collecte des données, choix des instruments de mesure, construction du contexte de l'évaluation, composer une liste d'observation, etc.);Assimiler l’information;proche
Présente les résultats dans un format adapté à l'objectif de la présentation;Atteindre les objectifs;proche
Qualité, Hygiène, Sécurité et Environnement (QHSE);Faire preuve de fiabilité;proche
Rapporte au responsable les problèmes qu'il ne peut pas résoudre lui-même;Résoudre des problèmes;proche
Rapporte au technicien ou au responsable les problèmes qu'il ne peut pas résoudre lui-même;Résoudre des problèmes;proche
Rassemble et analyse des informations sur l'action (cartes d'instructions, plans, …);Comprendre l’information;proche
Rassemble et traite les informations dans les systèmes de données;Assimiler l’information;proche
Rassembler des données tactiques;Assimiler l’information;proche
Recherche d'informations dans les bases de données de connaissances au cours de l'entretien;Assimiler l’information;proche
Recherche d'informations dans les bases de données de connaissances au cours de l'entretien;Comprendre l’information;proche
Recherche des alternatives pour améliorer le support informatique des processus de l'entreprise (Système de gestion de contenu, plate-forme application, réseau, etc.);Assimiler l’information;proche
Recherche des candidats de manière proactive grâce à des méthodes de sourcing telles que LinkedIn, les bases de données de CV et le réseautage;Assimiler l’information;proche
Recherche des informations;Assimiler l’information;proche
Recherche des informations (notice explicative, emballage, banque de données, etc.) en ce qui concerne l'utilisation du médicament en tenant compte de l'âge du patient (indication, fréquence, dose, etc.);Assimiler l’information;proche
Recherche des liens (statistiques) entre différents ensembles de données;Assimiler l’information;proche
Recherche des solutions adaptées aux circonstances changeantes;S’adapter;proche
Recherche la législation sur le travail dans des bases de données spécialisées;Assimiler l’information;proche
Recherche les données des clients;Assimiler l’information;proche
Recherche les relations entre les données et les causes à effets possibles;Assimiler l’information;proche
Recherche, mesure et évalue les compétences (entrepreneuriales);Analyser l’information;proche
Rechercher des financements, des partenariats;Construire des réseaux;proche
Rechercher des informations;Assimiler l’information;proche
Rechercher des informations numériques;Assimiler l’information;proche
Recueille des données SIG par le biais de recherches sur le terrain (mesures sur place, échantillons de sol, d'eau ou d'autres matériaux, etc.);Assimiler l’information;proche
Recueille des informations sur les risques par l'observation, des entretiens, l'utilisation de listes de contrôle, l'analyse de données, ...;Analyser l’information;proche
Recueille et enregistre les données;Assimiler l’information;proche
Recueille et enregistre les données et les résultats (mesures, calculs, …);Assimiler l’information;proche
Recueille les données pertinentes sur la santé bucco-dentaire et fait des recherches systématiques et précises sur les tissus environnants;Assimiler l’information;proche
Recueille, contrôle et analyse des données;Analyser l’information;proche
Recueille, enregistre, classe et gère des données;Assimiler l’information;proche
Rend l'organisation attentive aux seuils au sein de son fonctionnement;S’impliquer dans l’organisation;proche
Renforce la relation avec le client grâce à un contact personnel;Établir des relations;proche
Représente l'organisation dans les structures de consultation et les groupes de travail;S’impliquer dans l’organisation;proche
Représente oralement et par écrit;Communiquer;proche
Respecte l'identité et la diversité des autres;Faire preuve de respect;proche
Respecte la législation, les réglementations et les lignes directrices de l'entreprise;Comprendre l’organisation;proche
Respecte le principe de la confidentialité des soins;Faire preuve de respect;proche
Respecte les budgets;Gérer l’organisation;proche
Respecte les codes éthiques et déontologiques;Faire preuve de respect;proche
Respecte les procédures;Faire preuve de respect;proche
Respecte les règles et les accords de l'organisation;S’impliquer dans l’organisation;proche
Respecte les tâches et les responsabilités des différents membres de l'équipe;Souder une/des équipes;proche
Responsabilité;Atteindre les objectifs;proche
Responsabilité;S’impliquer dans l’organisation;proche
Retrouve une panne dans un circuit électrique simple et y remédie;Résoudre des problèmes;proche
Reçoit des informations de base sur le demandeur de soins en ce qui concerne le comportement à risque, les capacités et les limites etc.;Comprendre l’information;proche
Réagit rapidement aux circonstances changeantes;S’adapter;proche
Réalise l'exécution (paiement d'une somme d'argent, exécution réelle, saisie conservatoire et/ou exécutoire mobilière et/ou immobilière) de titres exécutoires (décision du juge, acte authentique notarié ou contrainte);Exécuter des tâches;proche
Réaliser la gestion des ressources humaines;Gérer le service;proche
Réaliser le suivi des décisions et d'éxécution du règlement de copropriété;Exécuter des tâches;proche
Réaliser une recherche documentaire;Assimiler l’information;proche
Rédige des dispositions de toutes sortes (arrêtés, règles de politiques à suivre, règlements, conditions, accords, …);Comprendre l’organisation;proche
Rédige les procédures de production conformément aux normes et aux standards et les tient à jour;Structurer le travail;proche
Rédiger des supports de communication interne (rapport, compte rendu, note, etc.);Communiquer;proche
Rédiger le contenu d'un support de communication;Communiquer;proche
Réglementation environnementale;Comprendre l’organisation;proche
Répond aux demandes de partenariat qui s'inscrivent dans la stratégie de l'organisation;Comprendre l’organisation;proche
Répond aux demandes de partenariat qui s'inscrivent dans la stratégie de l'organisation;Construire des réseaux;proche
Répond aux questions des intéressés au sujet de l'organisation et des activités;S’impliquer dans l’organisation;proche
Répond de manière innovante à l'évolution des besoins;Innover;proche
Réseaux Local Area Network (LAN);Construire des réseaux;proche
Réseaux stratégiques d'information;Construire des réseaux;proche
Résoudre des contentieux;Résoudre des problèmes;proche
Résoudre les problèmes de transport;Résoudre des problèmes;proche
Résoudre les problèmes techniques informatiques;Résoudre des problèmes;proche
Résout des problèmes techniques;Résoudre des problèmes;proche
S'informe sur la législation relative à la taxidermie (réglementation de la chasse, environnement, protection des animaux, …);Comprendre l’organisation;proche
Se laisse inspirer;Inspirer;proche
Se tient au courant des (changements dans  les) lois et règlements concernant la sécurité et l'environnement;Comprendre l’organisation;proche
Se tient au courant des développements technologiques et de l'évolution de la législation et la réglementation;Comprendre l’organisation;proche
Sensibiliser un public aux normes Qualité, Hygiène, Sécurité et Environnement (QHSE);Faire preuve de fiabilité;proche
Signale les défauts et les problèmes de l'infrastructure au technicien ou au responsable;Résoudre des problèmes;proche
Signale les problèmes et propose des solutions;Résoudre des problèmes;proche
Souligne les manquements et les améliorations à faire en matière de sécurité, d'hygiène et de qualité;Faire preuve de fiabilité;proche
Soutenir les gens dans leur processus de croissance;Soutenir;proche
Soutient le processus d'apprentissage vers des nouveaux modèles de comportement par l'information, l'éducation, l'instruction, le conseil, la formation ou l'accompagnement;Comprendre l’information;proche
Suit l'évolution de la législation et des règlements dans le domaine du traitement de l'eau, du traitement des déchets, du chargement et du transport des déchets, etc.;Comprendre l’organisation;proche
Suit la législation relevante, l'applique et informe les membres de l'équipe à ce sujet;Souder une/des équipes;proche
Suit la stratégie de stockage de l'organisation (aléatoire, stratégie ABC, etc.);Comprendre l’organisation;proche
Suit la stratégie de stockage de l'organisation (aléatoire, stratégie ABC, etc.);Développer une vision;proche
Suit les clients existants (satisfaction de la clientèle, besoin de service supplémentaire, …);Agir de manière orientée service;proche
Superviser la sécurité et la qualité;Faire preuve de fiabilité;proche
Sur la base des objectifs, établit des règles et des indicateurs de performance pour contrôler les activités (indicateurs de satisfaction de la clientèle, indicateurs opérationnels, etc.);Agir de manière orientée service;proche
Sur la base des objectifs, établit des règles et des indicateurs de performance pour contrôler les activités (indicateurs de satisfaction de la clientèle, indicateurs opérationnels, etc.);Atteindre les objectifs;proche
Surveille la conformité aux règles de sécurité et la bonne utilisation des équipements de protection individuelle;Faire preuve de fiabilité;proche
Surveille la mise en œuvre du programme imposé, les objectifs de développement et les résultats de l'apprentissage;Atteindre les objectifs;proche
Surveille ses propres limites, cherche des conseils et des informations si nécessaire et les applique;Comprendre l’information;proche
Système de réseau MAN (Metropolitan Area Network);Construire des réseaux;proche
Sélectionne les animaux parents sur la base de leurs performances (valeurs de production, résultats en compétition, etc.), de leur comportement, de leur pedigree, de leur valeur commerciale, de leur conformité au standard de la race, etc. en fonction des objectifs fixés.;Atteindre les objectifs;proche
Sélectionne les techniques d'audit qui répondent à la demande (vérification des comptes, évaluation des indicateurs et de la qualité du système de gestion interne ou de gestion des risques);Analyser l’information;proche
Techniques de mesure et de contrôle;Analyser l’information;proche
Teste les objectifs de l'activité ou du projet du point de vue de l'organisation;S’impliquer dans l’organisation;proche
Tient compte de l'environnement au sens large lors de l'élaboration de la stratégie de la bibiothèque (organisation dont la bibliothèque dépend, le monde des bibliothèques, les autorités, le contexte administratif et social);Comprendre l’organisation;proche
Tient compte de l'environnement plus large et changeant (organisation dont il fait partie, secteur des archives, secteur du patrimoine culturel, gouvernement, développements administratifs, technologiques et sociaux, etc.) et des normes internationales pertinentes lors de l'élaboration de la politique d'archivage et d'information;Comprendre l’organisation;proche
Tient compte de la précision, du format des données, des systèmes de coordonnées et des métadonnées des données collectées;Assimiler l’information;proche
Tient compte de la stratégie et du budget de l'organisation;Comprendre l’organisation;proche
Tient compte de la stratégie et du budget de l'organisation;Développer une vision;proche
Tient compte de la structure de l'organisation et de la culture;S’impliquer dans l’organisation;proche
Tient compte des directives du régisseur ou du designer et du concept artistique;Conceptualiser;proche
Tient compte des limites de l'organisation (budgétaires, techniques et organisationnelles);S’impliquer dans l’organisation;proche
Tient compte des objectifs commerciaux de l'organisation;S’impliquer dans l’organisation;proche
Tient compte du marché dans la détermination de la stratégie d'exportation commerciale (contexte, population, culture, chiffres à l'importation pour certains produits clés, réglementation, …);Comprendre l’organisation;proche
Tient les pièces justificatives et les listes de contrôle à disposition pour vérification;Analyser l’information;proche
Tient à jour l'information technique (plans d'entretien, procédures, livres d'instruction, …);Comprendre l’information;proche
Traduire ou interpréter d'une langue à une autre des informations, des propos, des écrits;Comprendre l’information;proche
Traduit l'information et la connaissance dans un plan d'accompagnement;Comprendre l’information;proche
Traduit l'information et la connaissance sur la personne en un plan d'accompagnement;Comprendre l’information;proche
Traduit la stratégie commerciale en objectifs de vente concrets et mesurables;Organiser;proche
Traite et enregistre les données;Assimiler l’information;proche
Traite les données d'une pièce dans le système d'enregistrement interne;Assimiler l’information;proche
Traite les données de production pour en tirer des informations sur la qualité, la sécurité et la productivité;Faire preuve de fiabilité;proche
Traite les informations des rapports de recherche pour en faire des informations de gestion;Assimiler l’information;proche
Traite les résultats;Atteindre les objectifs;proche
Traiter des images numériques;Assimiler l’information;proche
Traiter et transmettre des informations codées;Assimiler l’information;proche
Traiter l'information;Assimiler l’information;proche
Traiter les photographies de manière numérique;Assimiler l’information;proche
Transmet ses connaissances et des faits au public;Partager son savoir-faire;proche
Travaille conformément aux instructions du fabriquant, aux exigences de production et de sécurité;Faire preuve de fiabilité;proche
Travailler dans le respect de l'environnement;Faire preuve de respect;proche
Travailler dans le respect de la qualité, de la sécurité, de la santé et de l'environnement;Faire preuve de fiabilité;proche
Travailler dans le respect de la qualité, de la sécurité, de la santé et de l'environnement;Faire preuve de respect;proche
Utilisation de matériel de contrôle et de mesure;Analyser l’information;proche
Utilise des appareils et instruments conformément aux règles de sécurité;Faire preuve de fiabilité;proche
Utilise des instruments de mesure et de contrôle (pied à coulisse, mètre pliant, équerre, etc.);Analyser l’information;proche
Utilise des méthodes et des techniques pour la mesure et l'évaluation des risques;Analyser l’information;proche
Utilise des systèmes d'information et de connaissances;Comprendre l’information;proche
Utilise des systèmes juridiques d'information et de connaissances;Comprendre l’information;proche
Utilise des techniques de mesure et d'analyse pour détecter ou prévoir l'usure (examen thermographique, analyse des vibrations, etc.);Analyser l’information;proche
Utilise les (applications des) médias sociaux afin d'atteindre les objectifs de communication;Atteindre les objectifs;proche
Utilise les appareils de contrôle et de mesure;Analyser l’information;proche
Utilise les appareils de contrôle et de mesure (analyseur de gaz, pyromètre optique, voltmètre, etc.);Analyser l’information;proche
Utilise les appareils de contrôle et de mesure (loupe binoculaire, balance, règle, etc.);Analyser l’information;proche
Utilise une méthode d'évaluation adaptée au matériau à examiner;Analyser l’information;proche
Valider des mesures et des analyses;Analyser l’information;proche
Veille à ce que la collecte et le traitement des données sur le travail se fassent à temps;Assimiler l’information;proche
Veille à ce que le comportement au travail soit sûr et respectueux de l'environnement (respect des instructions, port des EPI, etc.).;Faire preuve de respect;proche
Vérifie et entretient l'armement et l'équipement individuel et collectif du groupe et prend des mesures en cas de manquements;Analyser l’information;proche
Vérifie l'efficacité des procédures de contrôle comptable interne;Analyser l’information;proche
Vérifie l'exhaustivité et la qualité des données collectées;Assimiler l’information;proche
Vérifie l'état, le contenu et l'exhaustivité de la collection;Assimiler l’information;proche
Vérifie la cohérence des données (format, structure logique, contenu, etc.);Assimiler l’information;proche
Vérifie la concordance entre les données importées et les documents originaux;Assimiler l’information;proche
Vérifie la pente visuellement ou avec des outils de contrôle (lasers, …);Analyser l’information;proche
Vérifie la qualité de l'information;Analyser l’information;proche
Vérifie la température, le poids et la fraîcheur de la viande visuellement et avec des équipements de mesure;Analyser l’information;proche
Vérifie le bon fonctionnement des installations par des tests et des mesures;Analyser l’information;proche
Vérifie le contenu de l'ambulance en suivant une liste de contrôle;Analyser l’information;proche
Vérifie le contrôle d'accès;Analyser l’information;proche
Vérifie le fonctionnement et l'étalonnage des appareils de contrôle et de mesure;Analyser l’information;proche
Vérifie les composants du réseau au niveau de la sécurité et du fonctionnement conformément aux directives;Faire preuve de fiabilité;proche
Vérifie les documents de voyage avec les données du système informatique;Assimiler l’information;proche
Vérifie les mesures de sécurité;Analyser l’information;proche
Vérifie les résultats (vérification des hypothèses de recherche, examen par les pairs, études comparables, etc.);Analyser l’information;proche
Vérifie les résultats (vérification par rapport à l'hypothèse de recherche, à l'examen par les pairs, aux études comparables, etc.);Analyser l’information;proche
Vérifie les échantillons sur la base de la liste des analyses à effectuer;Analyser l’information;proche
Vérifie que chaque élément de la mission et de la vision est intégré dans un ou plusieurs objectifs stratégiques;Développer une vision;proche
Vérifie que les tests et les contrôles sont conformes aux scénarios et aux procédures de test;Analyser l’information;proche
Vérifie s'il y a suffisamment de données disponibles afin d'évaluer la situation financière du client;Analyser l’information;proche
Vérifie si la mise en œuvre du projet est conforme aux normes de qualité et au planning;Faire preuve de fiabilité;proche
Vérifie si la mise en œuvre du projet est conforme aux normes de qualité, aux procédures, aux conditions ou aux accords contractuels et au planning;Faire preuve de fiabilité;proche
Vérifie si les contrôles périodiques imposés par la loi ont eu lieu;Analyser l’information;proche
Vérifie si les données nécessaires ont été enregistrées;Assimiler l’information;proche
Vérifie si les résultats du projet et les objectifs sous-jacents sont atteints;Atteindre les objectifs;proche
Vérifie si les travaux exécutés sont conformes aux normes de qualité définies et au planning;Faire preuve de fiabilité;proche
Vérifie si tous les compartiments sont remplis et si les cheminées, les conduits de ventilation, … ne sont pas bloqués;Analyser l’information;proche
Vérifier l'état, le contenu et l'exhaustivité de la documentation;Assimiler l’information;proche
Équipement de contrôle et de mesure;Analyser l’information;proche
Établit des contacts avec des médias appropriés;Établir des relations;proche
Établit des contacts avec les organisations compétentes, les institutions, les experts, etc.;Établir des relations;proche
Établit des indicateurs de suivi des activités (indicateurs de satisfaction de la clientèle, chiffres de vente, etc.) sur la base des objectifs de vente;Agir de manière orientée service;proche
Établit des liens entre les informations;Intégrer l’information;proche
Établit des procédures pour permettre l'implémentation structurée;Structurer le travail;proche
Établit un plan de mesure pour les mesures d'émission et d'immission ainsi que les contrôles périodiques;Analyser l’information;proche
établit un plan de travail avec des objectifs, des échéances, des étapes et des résultats à atteindre;Atteindre les objectifs;proche
Étudie l'impact de la mise en œuvre de la politique du personnel sur la structure organisationnelle;Comprendre l’organisation;proche
Étudie l'impact de la mise en œuvre de la politique du personnel sur la structure organisationnelle;S’impliquer dans l’organisation;proche
Évalue des systèmes d'information;Analyser l’information;proche
Évalue l'état de fonctionnement des moteurs des bateaux et des dispositifs auxiliaires sur base des paramètres mesurés et observés;Analyser l’information;proche
Évalue la campagne de promotion par rapport à la vision globale de l'organisation;Développer une vision;proche
Évalue la conception, l'exécution et l'effet de l'information sur la nutrition d'une manière scientifique et fondée;Analyser l’information;proche
Évalue la faisabilité et la pertinence de certaines mesures;Analyser l’information;proche
Évalue la mesure dans laquelle le prototype correspond au dessin original (coupe, qualité, …);Analyser l’information;proche
Évalue la satisfaction du client;Agir de manière orientée service;proche
Évalue les missions d'audit sur le terrain;Analyser l’information;proche
Évalue les risques de sécurité et prend les mesures appropriées;Analyser l’information;proche
Évalue les résultats de reproduction avec les objectifs;Atteindre les objectifs;proche
Évalue les résultats des contrôles ou des audits des procédures et les vérifie par rapport aux normes ou aux réglementations;Analyser l’information;proche
Évalue les théories et les stratégies intermédiaires utilisées en fonction du niveau atteint, du degré de transférabilité, de l'impact sur l'environnement du patient, etc.;Comprendre l’organisation;proche
Évalue tous les aspects du projet pour contrôler la faisabilité;Analyser l’information;proche
Évaluer des actions de formation;Analyser l’information;proche
Évaluer les informations numériques;Analyser l’information;proche
